"  Phó Tổng Thanh tra Chính phủ Đặng Công Huẩn vừa ký văn bản gửi các Cục, Vụ thuộc Thanh tra Chính phủ, thanh tra các bộ ngành, địa phương “nhắc nhở” việc tổ chức các hoạt động nhân kỷ niệm 72 năm Ngày truyền thống Thanh tra Việt Nam.Theo đó, Thanh tra Chính phủ đề nghị toàn ngành ôn lại truyền thống vẻ vang 72 năm của ngành Thanh tra, qua đó tuyên truyền, giáo dục sâu rộng đến cán bộ, công chức, viên chức, người lao động hiểu đầy đủ vị trí, vai trò, trách nhiệm, những đóng góp tích cực của ngành vào sự phát triển của đất nước.Tổ chức các hoạt động trong dịp kỷ niệm 72 năm Ngày truyền thống ngành Thanh tra với tinh thần nghiêm túc, trang trọng, hiệu quả, tiết kiệm. Cụ thể là tố chức hội thảo, tọa đàm, trao đổi kinh nghiệm về công tác thanh tra, tiếp công dân, giải quyết khiếu nại tố cáo và phòng chống tham nhũng; tổ chức các hoạt động văn hóa văn nghệ, thể dục thể thao nâng cao đời sống văn hóa tinh thần.Thanh tra Chính phủ yêu cầu việc tổ chức các hoạt động trên diễn ra trong trong khoảng thời gian gần… 1 tháng, từ ngày 1/11 đến ngày 23/11. Riêng cuộc gặp mặt kỷ niệm với cán bộ, công chức, viên chức, người lao động để ôn lại truyền thống vẻ vang ngành Thanh tra chỉ được diễn ra trong một ngày 23/11.“Tùy theo điều kiện thực tế của các đơn vị để lựa chọn hình thức tổ chức hoạt động phù hợp. Các đơn vị không nhận hoa và quà chúc mừng dưới mọi hình thức”- văn bản do ông Đặng Công Huẩn nêu rõ."
"
0
"
"Thông tin trên được ông Hoàng Chỉnh, Trưởng công an xã Kỳ Khang xác nhận với PV  vào sáng nay, 30/10.Theo ông Chỉnh, cả hai vụ tai nạn xảy ra chỉ trong vòng chưa đầy 1 tiếng đồng hồ.Cụ thể khoảng gần 21h đêm, trên đường thăm người thân về, đến địa phận xã Kỳ Khang, thầy giáo Hoàng Văn Thanh, giáo viên trường PTTH Nguyễn Huệ, quê xã Kỳ Thọ đã gặp nạn khi tông phải một con bò từ trong ngõ hẻm lao ra. Cú tông bất ngờ khiến thầy giáo Thanh ngã xuống đường.Rất may thầy Thanh đeo mũ bảo hiểm nên người chỉ bị trầy xước. Chiếc xe máy vị bẹp nát phần đầu.Hơn 30 phút sau, cũng tại vị trí này, lại thêm một vụ tai nạn thương tâm khác liên quan đến bò thả rông xảy ra.Theo ông Chỉnh, hai nạn nhân đi trên xe máy BKS 38 N1 - 368.81 tông cùng lúc hai con bò thả rông đi trên đường. Do bị xe đâm chính diện nên hai con bò chết ngay tại chỗ. Một trong hai người đi trên xe máy bị thương rất nặng.“Khi công an xã nhận được thông tin, triển khai lực lượng đến nơi thì nạn nhân gặp nạn chỉ mới xác định được danh tính tên là Thành và Lục (quê xã Kỳ Tây, huyện Kỳ Anh) đã được đưa đi cấp cứu tại bệnh viện. Theo thông tin mà tôi vừa biết được nạn nhân bị vỡ hộp sọ, đang rất nguy kịch. Trường hợp còn lại thì chỉ bị thương nhẹ”- ông Chỉnh thông tin.Cũng theo ông Chỉnh, ngay trong đêm qua Công an xã Kỳ Khang đã có thông báo cho bà con thuộc hai thôn nơi xảy ra vụ tai nạn để tìm chủ nhân hai con bò bị chết nhưng không có ai đến nhận.“Đến đêm khuya, Công an huyện Kỳ Anh đã lập biên bản bò vô chủ, giao chính quyền xã xử lý. Sau đó xã đã thống nhất bán hai con 2 bò cho một mối buôn với giá 6 triệu đồng”- ông Chỉnh thông tin thêm. Trưởng công an xã Kỳ Khang cho biết, số tiền trên xã tạm giữ, chờ xác minh chủ nhân của những con bò này để xử lý các bước tiếp theo liên quan đến vụ tai nạn.Tình trạng bò thả rông trên QL 1A đang thực sự gây nhức nhối, cướp đi mạng sống, gây thương tích, hư hỏng tài sản cho nhiều người. Người dân đang rất mong chờ chính quyền tỉnh Hà Tĩnh vào cuộc quyết liệt để chấm dứt thực trạng này."
"
0
"
"Cuộc làm việc của Phó Thủ tướng với Bộ GTVT hôm nay, 30/10, cũng là sự kiện ra mắt của Bộ trưởng Bộ GTVT Nguyễn Văn Thể với đội ngũ cán bộ chủ chốt Bộ GTVT.Phó Thủ tướng Trịnh Đình Dũng nêu những yêu cầu công việc cụ thể đối với Bộ trưởng Nguyễn Văn Thể.Trước hết, tư lệnh mới của ngành giao thông cần tiếp tục triển khai có hiệu quả các chương trình, đề án, dự án, công trình hiện có nhằm thực hiện tốt mục tiêu đột phá chiến lược về hạ tầng GTVT. Cùng với đó, Bộ trưởng cũng phải tiến hành tái cấu trúc doanh nghiệp, tổ chức, quản lý trong lĩnh vực mình phụ trách; chỉ đạo rà soát lại quy hoạch ngành để có sự điều chỉnh, bổ sung cho phù hợp; hoàn thiện thể chế nhằm thu hút đối đa nguồn lực cho phát triển hạ tầng giao thông“Là người được đào tạo bài bản, có nhiều kinh nghiệm thực tiễn, với năng lực, bản lĩnh và đặc biệt là tâm huyết đối với ngành giao thông, tôi tin Bộ trưởng Nguyễn Văn Thể sẽ tiếp tục dẫn dắt ngành GTVT hoàn thành tốt mọi nhiệm vụ được giao”, Phó Thủ tướng nói.Cụ thể, đối với lĩnh vực đường bộ, Phó Thủ tướng đề nghị Bộ GTVT cần chủ động đề ra các giải pháp, cơ chế, chính sách để giải ngân vốn một cách hiệu quả đối với các dự án, công trình đang triển khai; đồng thời nghiên cứu những cơ chế, chính sách phù hợp để thu hút vốn đầu tư từ xã hội. Trước mắt, cần ưu tiên đầu tư một số đoạn quan trọng trên tuyến cao tốc Bắc-Nam, các tuyến đường huyết mạch kết nối vùng, khu vực.Đối với lĩnh vực hàng không, Phó Thủ tướng yêu cầu trước mắt phải đổi mới điều hành, quản lý nhằm giảm áp lực, giảm ùn tắc cho sân bay Tân Sơn Nhất và khu vực ngoài sân bay.“Bộ trưởng cần ưu tiên chỉ đạo sớm hoàn thiện phương án mở rộng sân bay Tân Sơn Nhất theo phương châm nhanh nhất, ít tốn kém nhất, hiệu quả nhất. Trong đó, cần đặt Tân Sơn Nhất trong tổng thể mạng lưới sân bay của cả nước và khu vực phía nam. Cùng với đó, cần tích cực hoàn thiện công tác chuẩn bị để sớm khởi công sân bay Long Thành theo đúng kế hoạch”, Phó Thủ tướng nhấn mạnh.Đối với ngành đường sắt, Phó Thủ tướng đề nghị cần có giải pháp để nâng cao chất lượng, dịch vụ của ngành đường sắt. Trước mắt, nhanh chóng cải tạo nâng cấp một số đoạn, tuyến quan trọng và sớm lập đề án xây dựng tuyến đường sắt tốc độ cao Bắc-Nam để báo cáo Chính phủ, Quốc hội.Trong lĩnh vực vận tải đường thủy, Phó Thủ tướng cho rằng cần tiếp tục đổi mới quản lý, phương pháp tiếp cận nhằm nâng hiệu quả quản lý, vận hành, khai thác hệ thống các cảng lớn như Cái Mép-Thị Vải; Dung Quất, Lạch Huyện… Cùng với đó, sớm có các giải pháp đầu tư nhằm tăng cường kết nối với các loại hình vận tải khác, nâng cao năng lực vận tải đường thủy.Phát biểu tại cuộc làm việc, Bộ trưởng Nguyễn Văn Thể cho rằng, trong giai đoạn hiện nay, ngành GTVT cần đề xuất cơ chế, chính sách để đẩy mạnh xã hội hoá, thu hút được nguồn lực phát triển giao thông nhưng phải khắc phục được những hạn chế, vướng mắc gây ra bức xúc phiền hà cho người dân.“Đây là trách nhiệm của tôi và toàn ngành GTVT. Cần phải nghiên cứu một cách nghiêm túc, trách nhiệm để đề xuất cơ chế vừa thu hút được nguồn lực cho phát triển hạ tầng giao thông, vừa không tạo điểm nóng, không để người dân bức xúc”, Bộ trưởng nói.Bộ trưởng Nguyễn Văn Thể cũng khẳng định một số nhiệm vụ ưu tiên hàng đầu, trong đó trước tiên là công tác quy hoạch giao thông.Đối với các lĩnh vực giao thông cụ thể, Bộ trưởng Nguyễn Văn Thể cho biết sẽ sớm có các giải pháp để phát triển đột phá vai trò của vận tải thủy hiện có tiềm năng rất lớn nhưng chưa được phát huy. Cụ thể, sẽ nghiên cứu đầu tư, nâng cấp hệ thống bến bãi; kết nối từ quốc lộ đến cảng; hỗ trợ doanh nghiệp kinh doanh vận tải thủy mua sắm phương tiện đầu tư kinh doanh… Cùng với đó, sẽ tạo điều kiện để phát triển đội tàu, đẩy mạnh vận tải ven biển.Việc nhiệm vụ phải nhanh chóng khắc phục ùn tắc tại sân bay Tân Sơn Nhất, tân Bộ trưởng khẳng định đây cũng là một việc sẽ ưu tiên giải quyết.Muốn triển khai có hiệu quả những nhiệm vụ nêu trên, Bộ trưởng Nguyễn Văn Thể đặc biệt nhấn mạnh sự đoàn kết trong nội bộ. “Toàn ngành phải tạo thành khối đoàn kết thống nhất, hợp tác chặt chẽ trong triển khai thực hiện nhiệm vụ được giao. Bộ trưởng sẵn sàng tiếp nhận những phản ánh trực tiếp về mọi khó khăn, vướng mắc, bức xúc trong cán bộ, công nhân viên”, Bộ trưởng khẳng định.P.Thảo "
"
0
"
"Ngày 30/10, ông Nguyễn Cao Lục – Phó Chủ nhiệm Văn phòng Chính phủ đã ký văn bản gởi UBND tỉnh Quảng Nam truyền đạt ý kiến của Thủ tướng về “Báo cáo tình hình công tác quản lý, bảo vệ rừng và phá rừng xảy ra tại xã Tiên Lãnh, huyện Tiên Phước của UBND tỉnh Quảng Nam”.Theo đó, Thủ tướng Nguyễn Xuân Phúc yêu cầu UBND tỉnh Quảng Nam khẩn trương chỉ đạo các cơ quan chức năng điều tra, xử lý nghiêm các vụ vi phạm phá rừng tự nhiên theo đúng quy định của pháp luật.

Đồng thời chỉ đạo tổ chức kiểm điểm, làm rõ trách nhiệm, sai phạm của các đơn vị, cá nhân liên quan và xử lý nghiêm nhằm tăng cường hiệu lực, hiệu quả quản lý nhà nước trong công tác quản lý, bảo vệ và phát triển rừng bền vững.Về vụ phá rừng này, báo đã có nhiều tin bài phản ảnh. Theo đó, rừng phòng hộ tại xã Tiên Lãnh (huyện Tiên Phước) đã bị phá hàng chục ha để trồng keo. Liên quan đến vụ phá rừng này, cơ quan chức năng đã xác định được một đối tượng là ông Phùng Văn Bảy (hộ khẩu ở xã Tiên Lãnh, huyện Tiên Phước).Cơ quan chức năng xác định ông Bảy là người đã thuê nhiều người dân phá rừng phòng hộ để trồng keo; tuy nhiên, lãnh đạo tỉnh Quảng Nam yêu cầu phải xác định rõ ai là người đứng sau vụ phá rừng này. Hiện vụ án đã được Công an tỉnh Quảng Nam khởi tố để tiếp tục điều tra, làm rõ."
"
0
"
"Vụ tai nạn liên hoàn trên xảy ra khoảng 4h30 sáng nay (30/10), trên QL6 đoạn qua xã Tây Phong, huyện Cao Phong (Hòa Bình).Thời điểm trên, lái xe Nguyễn Văn Long (SN 1986, quê tỉnh Sơn La) điều khiển xe ô tô đầu kéo BKS 89C – 073.56 kéo theo rơ móoc BKS 89R – 002.50 đi hướng từ Sơn La về Hà Nội.Khi đến phố Bằng, xã Tây Phong, chiếc xe đầu kéo bất ngờ tông vào phần đầu xe ô tô tải mang BKS nước Lào 0243 đi hướng ngược lại do lái xe Nguyễn Trọng Hóa (quê Hà Nội điều khiển).Cú tông mạnh làm xe đầu kéo mất lái lao lên vỉa hè, đâm vào xe ô tô tải loại nhỏ mang BKS 29C - 272.49 đỗ bên đường rồi đâm tiếp vào xe ô tô con mang BKS 28H - 7957 đỗ trước cửa nhà anh Trương Anh Tuấn.Hậu quả, 4 chiếc xe ô tô bị hư hỏng nặng, 4 lái xe và phụ xe bị thương, trong đó anh Nguyễn Trọng Hóa lái xe tải biển Lào bị thương nặng.Anh Trương Anh Tuấn phố Bằng chưa hết bàng hoàng kể lại, nghe thấy tiếng nổ lớn, nhà rung lên anh cùng mọi người chạt ra thì thấy chiếc xe đầu kéo đang nằm ngay trước nhà mình.Ông Nguyễn Văn Tiến - Công an viên xã Tây Phong cho biết, nhận được điện thoại của người dân về vụ tai nạn nói trên, khi ra hiện trường thì thấy có 4 xe ô tô bị hư hỏng. Nằm bên phải đường theo hướng Hà Nội - Sơn La là chiếc tải biển số Lào, cách đó khoảng 150m (theo hướng Sơn La – Hà Nội) lề đường bên trái là 3 xe ô tô đâm dồn vào nhau, cùng với hai căn nhà bị sập cửa và mái hiên.“Đến hiện trường, tôi thấy chiếc ô tô biển Lào bị biến rạng phần đầu, lái xe bị thương nặng đang nằm kẹt trong cabin, ngay sau đó nhiều người dân đã phải dùng ô tô kéo và xà beng phá cửa để đưa lái xe ra ngoài đi cấp cứu”, ông Tiến cho hay.Nhận được tin báo, cơ quan chức năng huyện Cao Phong, tỉnh Hòa Bình nhanh chóng có mặt tại hiện trường, điều tiết giao thông, đưa các nạn nhân bị thương đi cấp cứu.Hiện trường vụ tai nạn PV Dân trí ghi lại được. Nguyên nhân vụ việc đang được Công an huyện Cao Phong điều tra làm rõ."
"
0
"
"Trưa 30/10, Chánh Văn phòng UBND TPHCM Võ Văn Hoan chủ trì cuộc họp báo thường kỳ tháng 10 của UBND TPHCM.Tại đây, ông Võ Văn Hoan cho biết hiện nay có rất nhiều trường hợp mạo danh cán bộ lãnh đạo để vòi vĩnh doanh nghiệp. Việc này khiến lãnh đạo thành phố rất bức xúc.Người phát ngôn chính quyền thành phố mong người dân người dân tỉnh táo, đừng để ai đó nói rằng quen với lãnh đạo này lãnh đạo kia mà nhận làm việc này việc khác hoặc cho cái này cái kia.Ông Võ Văn Hoan khẳng định, TPHCM kiên quyết xử lý và đã đề nghị cơ quan chức năng thẩm tra, kiểm tra lại những số điện thoại, con người và địa chỉ cụ thể để xem xét xử lý bởi việc này ảnh hưởng đến uy tín của lãnh đạo và có khi không được việc của người dân.Chánh Văn phòng UBND TPHCM cũng cho biết thêm, hiện nay có một số cá nhân lập ra trang mạng rồi tung lên đó những thông tin không đúng sự thật nhưng tạo cảm giác y như có thật, gây bất ổn trong xã hội.“Cơ quan chức năng phải vào cuộc lo đủ chuyện như vậy, công chức vất vả mà cán bộ bị xuyên tạc cũng rất mệt mỏi. Gần đây nhất là vụ con trai Phó Giám đốc Sở Giáo dục & Đào tạo”, ông Hoan nói.Theo ông Hoan, một trang có tên “Pháp Luật Số” không biết là cái gì, do ai thành lập, địa chỉ không có, số điện thoại không đúng, địa chỉ email cũng không có… nhưng lại tung lên một thông tin chưa được kiểm chứng, không ai đứng ra xác nhận về cán bộ…“Tôi thấy như vậy là bất ổn, ảnh hưởng đến tâm trạng của đội ngũ cán bộ công chức. Việc này rất nhạy cảm nên cần hết sức thận trọng, kiểm tra chi tiết và mạnh dạn phản ánh đến chính quyền. Hiện nay có xu hướng tung thông tin lên mạng để cộng đồng tập trung ném đá”, ông Hoan nói.Trước đó, trên một trang mạng thông tin con trai của Phó Giám đốc Sở Giáo dục & Đào tạo TPHCM sở hữu hơn 950ha đất ở khu vực sân bay Long Thành (tỉnh Đồng Nai).Trưởng phòng Tài nguyên – Môi trường huyện Long Thành (tỉnh Đồng Nai) cho biết, theo dữ liệu quản lý đất đai tại địa phương thì không phát hiện trường hợp nào có một người quản lý hàng trăm hecta đất. Vì vậy, thông tin con trai của một lãnh đạo sở mà có gần 1.000ha là không chính xác."
"
0
"
" Theo nguồn tin riêng của , “siêu máy bay” C-17 Globemaster III đã đáp xuống sân bay Nội Bài để hạ tải hàng hóa.“Phía Mỹ đã có văn bản thông báo việc vận chuyển hàng hóa tới Nội Bài. Số hàng hóa này phía Mỹ chuyển tới để phục vụ cho chuyến thăm chính thức của Tổng thống Donald Trump tới Việt Nam vào tháng 11” - nguồn tin cho biết.Cũng theo nguồn tin, chiếc C-17 Globemaster III lưu lại ở Nội Bài khoảng 2 tiếng và rời đi ngay sau đó.Được biết, chuyến hàng hóa đầu tiên được phía Mỹ chuyển tới bao gồm phương tiện, thiết bị, hàng hóa thiết yếu cho hoạt động của Tổng thống Donald Trump tại Hà Nội trong chuyến thăm chính thức. Những ngày tới đây, phía Mỹ sẽ tiếp tục vận chuyển hàng hóa tới Việt Nam phục vụ đoàn của Tổng thống Donald Trump.“Siêu máy bay” Boeing C-17 Globemaster III là máy bay không vận quân sự cỡ lớn, thân dài 53 m, sải cánh rộng 51,75 m. Với chiều rộng khoang hàng 5,5 m, cao tối đa 4,6 m, có khả năng chở 78 tấn hàng hóa.Boeing C-17 Globemaster III được trang bị buồng lái điện tử và hệ thống vận chuyển hàng hóa tiên tiến, cho phép một phi hành đoàn gồm ba người vận hành tất cả hệ thống. Kể từ khi được đưa vào hoạt động năm 1995, 218 máy bay Boeng C-17 đã được chuyển giao cho không quân Mỹ.Nhà Trắng ngày 16/10 vừa qua đã công bố chi tiết chuyến thăm châu Á sắp tới của Tổng thống Donald Trump, với các điểm đến là Nhật Bản, Hàn Quốc, Trung Quốc, Việt Nam và Philippines vào đầu tháng 11 tới.Theo lịch trình chi tiết, ông Trump sẽ tham dự Tuần lễ cấp cao Diễn đàn hợp tác kinh tế châu Á - Thái Bình Dương (APEC) tại Đà Nẵng vào ngày 10/11. Ngày 11/11, Tổng thống Trump sẽ có chuyến thăm Hà Nội, gặp gỡ Chủ tịch nước Trần Đại Quang và các nhà lãnh đạo cấp cao khác của Việt Nam."
"
0
"
"Tại cuộc họp báo thường kỳ tháng 10 diễn ra trưa 30/10, nhiều cơ quan báo chí đã đề cập đến tình trạng tái lấn chiếm vỉa hè diễn ra trên địa bàn quận 1, nhất là thời gian Phó Chủ tịch UBND quận 1 Đoàn Ngọc Hải không xuống đường kiểm tra, xử phạt như trước đây. Có phải việc ông Hải bị cấm xuống đường sau 2 quyết định của quận 1 là nguyên nhân của thực trạng tái lấn chiếm?Chánh Văn phòng UBND TPHCM Võ Văn Hoan cho rằng việc quận 1 quyết định thành lập Tổ kiểm tra liên ngành về trật tự đô thị, trật tự an toàn giao thông trên địa bàn quận 1 và Tổ kiểm tra công vụ đối với công tác quản lý trật tự đô thị thể hiện đúng tinh thần của thành phố trong công tác lập lại trật tự vỉa hè.Ông Hoan nhấn mạnh rằng TP sẽ làm kiên quyết, kiên trì, phù hợp với tình hình thực tế và cả hệ thống chính trị tham gia đồng bộ để công tác lập lại trật tự vỉa hè đạt kết quả cao, bền vững.“Tôi nghĩ rằng quận 1 không cấm anh Hải. Anh Hải phụ trách việc này nên có thể kiểm tra công việc của mình phụ trách”, ông Hoan nói. Theo ông, quyết định của quận 1 sẽ góp phần xử lý vi phạm ở những địa bàn giáp ranh tốt hơn.Người phát ngôn chính quyền thành phố cho rằng lãnh đạo phường gặp khó khăn khi xử lý vi phạm trật tự vỉa hè ở những địa bàn giáp ranh, do đó làm từng phường sẽ không hiệu quả. Vì vậy, vai trò của cấp trên là bổ sung, tăng cường kiểm tra thường xuyên, đột xuất việc thi hành công vụ ở cơ sở…“Trong chỉ đạo, điều hành phải hết sức linh hoạt nhưng dưới cơ sở phải chủ động. Trước đây là quận kiểm tra xử phạt vì cơ sở ít làm. Nay thì quận giao lại cho cơ sở và thực hiện kiểm tra công vụ xem tình hình thực hiện ở phường”, ông Hoan nói. Theo ông, vấn đề quan trọng là người dân phải chấp hành pháp luật và thấy được lợi ích trong việc chấp hành trật tự vỉa hè.Trước đó, tại cuộc họp về tình hình kinh tế - văn hóa – xã hội tháng 10, Chủ tịch UBND TPHCM Nguyễn Thành Phong yêu cầu Sở Giao thông vận tải TP phối hợp với các đơn vị liên quan, kiểm tra đánh giá lại trật tự vỉa hè, mỹ quan đô thị.Cụ thể, phải đánh giá được kết quả các bước thực hiện chấn chỉnh trật tự vỉa hè. Trước hết, các quận, huyện phải xây dựng kế hoạch quản lý lòng lề đường vì mỗi địa phương có đặc thù khác nhau.“Chủ tịch quận, huyện phải hết sức chủ động. Việc này phải đi từng bước, có lộ trình không phải ngày một, ngày hai vì liên quan đến nhiều vấn đề, đặc biệt là những người dân buôn bán vỉa hè… Phải làm có tình, có lý chứ không phải đẩy đuổi”, ông Phong nói."
"
0
"
"Tham dự Lễ tưởng niệm có Thượng tướng Tô Lâm, Bộ trưởng Bộ Công an; ông Điểu K’Ré, Ủy viên Trung ương Đảng, Phó Trưởng Ban Thường trực Ban Chỉ đạo Tây Nguyên; ông Lê Diễn, Bí thư Tỉnh ủy tỉnh Đắk Nông và 57 cựu chiến binh đại diện cho 262 cán bộ, chiến sĩ tham gia khai thông đường hành lang chiến lược Bắc-Nam.Cách đây hơn 57 năm, Đoàn B90 được Chủ tịch Hồ Chí Minh chỉ thị thành lập vào tháng 5/1959 đã thực hiện nhiệm vụ mở đường chiến lược Bắc - Nam trên dãy Trường Sơn hùng vĩ. Trải qua nhiều gian khổ, hy sinh mất mát, ngày 30/10/1960, Đoàn B90 bắt liên lạc được với Đoàn C200 của miền Đông Nam bộ tại địa điểm bon Cây Xoài (nay thuộc thôn Đồng Tiến, xã Đắk Nia, thị xã Gia Nghĩa).Giờ phút lịch sử ấy đã nối liền hai vùng chiến lược Nam Tây Nguyên và Đông Nam bộ, khai thông đường chiến lược Bắc-Nam. Từ đó, tuyến đường huyền thoại, trong đó có đoạn đi qua tỉnh Đắk Nông ngày nay không chỉ là tuyến giao thông chiến lược, nối liền chiến trường Tây Nguyên với chiến trường Nam bộ, mà còn là chiến trường hết sức quyết liệt giữa ta và địch. Đồng thời góp sức vào công cuộc chi viện sức người, sức của từ miền Bắc cho chiến trường miền Nam.Lễ tưởng niệm nhằm tuyên truyền, giáo dục truyền thống cách mạng, lòng tự hào dân tộc qua đó tiếp tục tôn tạo, bảo vệ và phát huy những giá trị lịch sử văn hóa.Phát biểu tại buổi lễ, Thượng tướng Tô Lâm nhấn mạnh: Việc đặt Bia tưởng niệm ghi danh là việc làm thiết thực, thể hiện đạo lý uống nước nhớ nguồn, đền ơn đáp nghĩa, ghi nhớ công ơn các thế hệ cha anh đã không tiếc xương máu để xây dựng, bảo vệ đường hành lang chiến lược. Đặc biệt, 57 đại biểu cán bộ cách mạng tham gia khai thông mở đường hành lang Bắc-Nam về dự lễ hôm nay là những tấm gương sáng về ý chí kiên cường, dũng cảm trong chiến đấu cũng như trong xây dựng quê hương, đất nước ngày càng giàu đẹp.Nằm trong chuổi sự kiện của lễ tưởng niệm và đặt bia tưởng niệm, sáng cùng ngày các vị đại biểu cùng hàng trăm đoàn viên thanh niên, người dân địa phương đã vào đặt vòng hoa và thắp hương tại Nghĩa trang liệt sĩ tỉnh Đắk Nông. Tối 30/10, tại thôn Cây Xoai, sẽ diễn ra Chương trình nghệ thuật ""Ký ức khai thông đường hành lang chiến lược Bắc- Nam, đoạn qua tỉnh Đăk Nông"" với sự tham dự của hơn 3000 người."
"
0
"
"Chiều ngày 30/10, trao đổi với PV , ông Trịnh Lâm Hải, Chủ tịch UBND xã Sơn Thành Tây xác nhận có sự việc Bí thư, Trưởng thôn Sơn Tây cùng người dân chặn xe dâu để đòi nợ 3 triệu đồng tiền xây dựng nông thôn mới.Tuy nhiên ông Hải cũng giải thích thêm: “Nghe mấy anh em ở thôn báo cáo là người dân bức xúc vì hộ nhà chú rể thiếu tiền xây dựng đường bê tông nhưng lâu rồi không chịu trả nên dân đã chặn xe. Sau đó, các cán bộ thôn mới đến lập biên bản và có lời qua tiếng lại chứ không phải Bí thư và trưởng thôn tổ chức người dân chặn xe…”.Trái lại những lời giải thích của ông Hải, bà Nguyễn Thị Thu (mẹ chú rể) phản ánh: Ngày 17/10, gia đình bà tổ chức cưới vợ cho con trai là Dương Thanh Tuấn (32 tuổi). Sáng cùng ngày, xe rước dâu từ huyện Sông Hinh về huyện Tây Hòa, khi đến cổng thôn Sơn Tây thì bất ngờ bị nhiều cán bộ thôn ra chặn xe lại.“Đích thân bà Thẩm Thị Linh, Bí thư Chi bộ thôn và ông Phạm Văn Quảng, Trưởng thôn, ra giữa đường huy động nhiều người là công an thôn, cán bộ thôn dùng cây làm barie chặn xe rước dâu. Họ còn lấy xe máy chặn ngay đầu ô tô, không cho đi. Khi tôi hỏi vì sao lại chặn xe đón dâu, ông trưởng thôn yêu cầu gia đình phải trả ngay tiền nợ đóng góp làm đường xây dựng nông thôn mới thì mới cho xe đi. Họ nói con đường này do Nhà nước hỗ trợ xi măng, dân đóng góp tiền để làm. Họ buộc phải trả nợ xong thì mới được đi” - bà Thu cho biết.Theo bà Nguyễn Thị Thu, để làm con đường, thôn quy định gia đình bà phải đóng góp 6 triệu đồng do hộ bà có bốn người. Gia đình bà Thu đã nộp 3 triệu đồng, đồng thời nhiều lần đề nghị thôn giảm số tiền còn lại.“Con trai tôi đã làm việc, xây nhà ở TP Tuy Hòa và đóng góp 3,2 triệu đồng để làm đường bê tông ở đó. Do đó, gia đình tôi xin thôn Sơn Tây giảm một phần đóng góp nhưng họ kiên quyết không đồng ý. Chồng tôi nói gia đình đang lo nhiều việc nhà nên chậm nộp chứ không phải không nộp” - bà phân trần.Lúc bị chặn xe, dù nhiều người của gia đình bà Thu giải thích đây là ngày trọng đại của gia đình, xe rước dâu phải về nhà đúng giờ để làm lễ nhưng các cán bộ thôn vẫn kiên quyết không cho xe đi. Khi gia đình bà Thu bức xúc phản đối việc chặn xe, ông Phạm Văn Quảng, Trưởng thôn Sơn Tây, đã lập biên bản, buộc gia đình bà Thu phải ký và hẹn ngày nộp 2 triệu đồng mới cho xe đi.Việc chặn xe rước dâu diễn ra hơn một tiếng đồng hồ. “Khi bị chặn xe, vợ chồng tôi nói là gia đình tôi xin giảm đóng góp do con trai tôi đã sinh sống ở xa. Thôn không đồng ý giảm thì gia đình tôi vẫn nộp chứ không phải không nộp. Tuy nhiên, việc cán bộ thôn tổ chức chặn xe rước dâu của gia đình tôi để đòi nợ giữa đường là xúc phạm nặng nề đến danh dự gia đình tôi. Hiện nay, gia đình tôi yêu cầu thôn phải tổ chức xin lỗi. Tuy nhiên, từ khi sự việc xảy ra đến nay, cán bộ thôn không thèm nhìn mặt người nhà tôi” - bà Thu bức xúc.Ngày 30/10, báo chí đã cung cấp thông tin vụ việc trên cho bà Hồ Nguyên Thảo, Bí thư Huyện ủy Tây Hòa (Phú Yên). Và bà Thảo cam kết sẽ kiểm tra lại sự việc và thông tin lại cho báo chí."
"
0
"
"Ngày 25/10/2017, thay mặt Ban Chấp hành Trung ương Đảng Cộng sản Việt Nam khóa XII, Tổng Bí thư Nguyễn Phú Trọng ký ban hành nghị quyết số 21-NQ/TW về công tác dân số trong tình hình mới.Nghị quyết nêu đánh giá khái quát, sau 25 năm thực hiện Nghị quyết Hội nghị 4 khoá VII và các chủ trương, chính sách của Đảng, pháp luật của Nhà nước, công tác dân số và kế hoạch hóa gia đình đã đạt được nhiều kết quả quan trọng. Tốc độ gia tăng dân số đã được khống chế thành công, đạt mức sinh thay thế sớm 10 năm so với mục tiêu Nghị quyết đề ra và tiếp tục duy trì cho đến nay, hạn chế tăng thêm hàng chục triệu người. Cơ cấu dân số chuyển dịch tích cực. Dân số trong độ tuổi lao động tăng mạnh. Từ năm 2007, Việt Nam bước vào thời kỳ dân số vàng.Tuy nhiên, Ban chấp hành Trung ương xác định, công tác dân số và kế hoạch hoá gia đình vẫn còn nhiều hạn chế. Mức sinh giữa các vùng còn chênh lệch đáng kể. Mất cân bằng giới tính khi sinh tăng nhanh, đã ở mức nghiêm trọng. Chưa có giải pháp đồng bộ phát huy lợi thế của thời kỳ dân số vàng và thích ứng với già hoá dân số.Nghịch lý bộc lộ là người ít có điều kiện chăm sóc và nuôi dưỡng con còn sinh đẻ nhiều, ảnh hưởng đến chất lượng dân số. Chỉ số phát triển con người (HDI) còn thấp. Tỉ lệ suy dinh dưỡng, tử vong bà mẹ, trẻ em còn cao. Tầm vóc, thể lực của người Việt Nam chậm được cải thiện. Tuổi thọ bình quân tăng nhưng số năm sống khoẻ mạnh thấp so với nhiều nước.Nguyên nhân được chỉ ra là trong nhận thức và hành động của đội ngũ cán bộ làm công tác dân số vẫn còn nặng về kế hoạch hoá gia đình, chưa chú trọng các mặt cơ cấu, phân bố, chất lượng dân số và tác động qua lại với phát triển. Tư tưởng muốn có nhiều con, trọng nam hơn nữ vẫn còn khá phổ biến trong một bộ phận nhân dân, kể cả cán bộ, đảng viên.Nghị quyết 21 lần này đặt ra mục tiêu tiếp tục chuyển trọng tâm chính sách dân số từ kế hoạch hoá gia đình sang dân số và phát triển.Cụ thể, Ban chấp hành Trung ương Đảng yêu cầu duy trì vững chắc mức sinh thay thế; đưa tỉ số giới tính khi sinh về mức cân bằng tự nhiên; tận dụng hiệu quả cơ cấu dân số vàng, thích ứng với già hoá dân số; phân bố dân số hợp lý; nâng cao chất lượng dân số, góp phần phát triển đất nước nhanh, bền vững.Một số chỉ tiêu cụ thể đến năm 2030 là: duy trì vững chắc mức sinh thay thế (bình quân mỗi phụ nữ trong độ tuổi sinh đẻ có 2,1 con), quy mô dân số 104 triệu người; tỉ số giới tính khi sinh dưới 109 bé trai/100 bé gái sinh ra sống; tỉ lệ trẻ em dưới 15 tuổi đạt khoảng 22%.Tỉ lệ người từ 65 tuổi trở lên đạt khoảng 11%; tỉ lệ phụ thuộc chung đạt khoảng 49%; tuổi thọ bình quân đạt 75 tuổi, trong đó thời gian sống khoẻ mạnh đạt tối thiểu 68 năm. Chiều cao người Việt Nam 18 tuổi đối với nam đạt 168,5 cm, nữ đạt 157,5 cm. Chỉ số Phát triển con người (HDI) nằm trong nhóm 4 nước hàng đầu khu vực Đông Nam Á.Nghị quyết của Đảng đề cao tính tiên phong, gương mẫu của mỗi cán bộ, đảng viên trong việc thực hiện chủ trương, chính sách về công tác dân số, nhất là sinh đủ 2 con, chú trọng nuôi dạy con tốt, gia đình hạnh phúc, tạo sức lan toả sâu rộng trong toàn xã hội.Ban chấp hành Trung ương yêu cầu tiếp tục thực hiện cuộc vận động mỗi cặp vợ chồng nên có 2 con, bảo đảm quyền và trách nhiệm trong việc sinh con và nuôi dạy con tốt. Tập trung vận động sinh ít con hơn ở vùng, đối tượng có mức sinh cao; duy trì kết quả ở những nơi đã đạt mức sinh thay thế; sinh đủ 2 con ở những nơi có mức sinh thấp.Nghị quyết 21 cũng yêu cầu rà soát, điều chỉnh hoặc bãi bỏ một số quy định về xử lý vi phạm trong công tác dân số; đồng thời đề cao tính gương mẫu của cán bộ, đảng viên trong việc thực hiện chính sách dân số, xây dựng gia đình văn hoá, hạnh phúc.Rà soát, bổ sung các quy định của pháp luật về nghiêm cấm lựa chọn giới tính thai nhi. Ngăn ngừa có hiệu quả việc lạm dụng khoa học - công nghệ để lựa chọn giới tính thai nhi. Đẩy mạnh công tác bình đẳng giới, vì sự tiến bộ của phụ nữ.Ban hành Chiến lược dân số trong tình hình mới; phát huy tối đa lợi thế cơ cấu dân số vàng, tạo động lực mạnh mẽ cho sự phát triển đất nước nhanh, bền vững và thích ứng với già hoá dân số."
"
0
"
"Vào khoảng 10h ngày 29/10, ở gần khu vực ngã 3 cầu Họ, xã Trung Lương, huyện Bình Lục, tỉnh Hà Nam đã xảy ra một vụ tai nạn giao thông nghiêm trọng khiến hai mẹ con tử vong thương tâm.Một số nhân chứng cho biết, vào thời điểm nói trên, một người phụ nữ điều khiển xe máy chở theo bé gái phía sau chạy từ thôn Thượng Đồng, xã Trung Lương, huyện Bình Lục ra quốc lộ 21. Do không chú ý quan sát, đứng quá gần đường tàu, 2 mẹ con cùng chiếc xe máy bị hút theo luồng khí chuyển động mạnh khi đoàn tàu băng băng lao qua.Cú va chạm mạnh làm bé gái ngồi phía sau rơi xuống sông cạnh đường tàu, còn người phụ nữ điều khiển xe máy thì ngã xuống đường và bị thương nặng.Phát hiện sự việc, nhiều người dân quanh khu vực đã nhanh chóng nhảy xuống sông tìm kiếm cháu bé đồng thời đưa người mẹ đi cấp cứu. Người phụ nữ điều khiển xe máy do vết thương quá nặng cũng đã tử vong sau đó.Nhận được tin báo, Công an huyện Bình Lục đã có mặt tại hiện trường, cùng người dân tìm kiếm cháu bé bị rơi xuống sông. Tuy nhiên, mấy tiếng sau, cháu bé được tìm thấy trong tình trạng đã tử vong.Trung tá Thái Doãn Hoà - Trưởng Công an huyện Bình Lục cho biết, hai nạn nhân trong vụ tai nạn trên là mẹ con và đều là người địa phương. Nguyên nhân ban đầu dẫn đến vụ tai nạn được xác định là do trong lúc dừng xe để đợi đoàn tàu đi qua, người mẹ đã không ước lượng được khoảng cách từ chiếc xe máy với đoàn tàu nên đã đứng quá gần với đường sắt và bị hút vào đường tàu khi đoàn tàu chạy qua."
"
0
"
"Đại biểu Nguyễn Ngọc Phương (Quảng Bình) bắt đầu phần phát biểu bằng việc trở lại phiên chất vấn Bộ trưởng Nội vụ những năm trước về việc sau 5 năm thực hiện đề án tinh giản biên chế nâng cao hiệu lực hiệu quả quản lý của nhà nước nhưng biên chế không giảm cứ phình ra , số lượng cục vụ viện tăng lên, nhiều Bộ số lượng thứ trưởng vượt quá quy định làm tăng tiền lương, gây lãng phí, ảnh hưởng đề án tiền lương…Theo đó, báo cáo tổng kết 5 năm thực hiện đề án tinh giản biên chế thực hiện 2 năm trước, một nhận xét khái quát đã được đưa ra, hàng năm biên chế vẫn tăng cao, 2005 – 2010 tăng 13,7%, dự kiến 2015 tăng 12,2%. Dù vậy, cảnh báo này không được chú ý và tình trạng tiếp tục kéo dài đến nay.“Chất vấn của tôi khi đó Bộ trưởng Nội vụ đã giải trình là “quýt làm cam chịu”, tôi rất chia sẻ” – đại biểu Phương nói.Ông Phương đề cập một nguyên nhân khiến bộ  máy tiếp tục phình ra là do còn hiện tượng tuỳ tiện trong bổ nhiệm, đề bạt, thành lập vụ viện, hình thành một số chức danh không đúng theo quy định như “hàm” vụ trưởng, vụ phó, quy định giới hạn mỗi Bộ có tối đa 4 thứ trưởng nhưng có bộ vượt lên tới 9 thứ trưởng...Việc này dẫn đến tình trạng “bì tị”, dẫn tới tâm lý Trung ương làm được thì tỉnh làm được, tỉnh này làm được thì tỉnh kia làm được, tỉnh làm được thì xã phường huyện làm được, bộ làm được thì các sở ngành làm được. Từ đó, số lượng cấp phó tăng nhanh không chỉ trong cơ quan nhà nước mà kể cả cơ quan đảng, đoàn thể.“Thực tế có những phòng ban phần lớn là lãnh đạo, thậm chí là lãnh đạo không có nhân viên, thế nhưng trong thời gian dài không có cơ quan nào bị phát hiện hoặc phê bình” – đại biểu dẫn ví dụ, chưa có quy định cụ thể nào ràng buộc như cơ quan quy mô thế nào thì có 2 cấp phó, thế nào thì có thể hơn… nên nhân sự các đơn vị, theo đó vẫn đua nhau “nở”.Về tình trạng quá nhiều lãnh đạo cấp phó, đại biểu Nguyễn Ngọc Phương dứt khoát: ""Việc tinh giản cấp phó thì phải làm ngay "". Tuy nhiên, theo đại biểu này, việc thay đổi cơ cấu tổ chức bộ máy; tách/nhập các cơ quan đầu mối phải cân nhắc thận trọng, tránh sự thay đổi quá thường xuyên.Tán thành những phân tích này, đại biểu Phạm Văn Hoà (Đồng Tháp) nói, thực tế còn không ít bất cập khiến bộ máy phình ra. Tán thành đánh giá của đoàn giám sát, ông Hoà cho rằng, cơ cấu của Chỉnh phủ chậm được nghiên cứu để kiện toàn theo hướng tinh gọn.Việc sắp xếp, sát nhập thành bộ quản lý ngành chứ được tính toán sâu, phạm vi công việc trở nên quá phức tạp, cồng kềnh, còn nhiều đầu mối chung gian. Từ đó, số lượng cán bộ cũng tăng theo, thậm chí có các bộ còn nghĩ ra cách bổ nhiệm cấp “hàm” như hàm vụ trưởng, hàm vụ phó, hàm trưởng phòng…Như vậy, có phòng, theo ông Hoà, chỉ 3 người mà 1 là Trưởng phòng, 2 là Phó Trưởng phòng.Đại  biểu Nguyễn Minh Sơn (Tiền Giang) nhận xét: “Cái bánh ngân sách dù có nở như nồi cơm Thạch Sanh cũng khó bao bọc nổi nền hành chính cồng kềnh như hiện nay”.Ông Sơn đề nghị quán triệt phương châm tinh giản và tinh nhuệ, theo đó bộ máy phải gọn nhẹ, nhưng đảm bảo chất lượng. Đặc biệt, đại biểu Nguyễn Minh Sơn đề nghị chú trọng đội ngũ cán bộ cấp xã, những người gần dân hơn cả, đãi ngộ xứng đáng để đừng bao giờ chúng ta phải nghe thấy câu “tôi chưa nhận được báo cáo vì… chưa có ai làm báo cáo”.Đại biểu Trần Văn Lâm (Bắc Giang) nhận định, cơ chế chính sách hiện nay chưa làm rõ trách nhiệm của chính quyền địa phương với cải cách bộ máy hành chính, việc cải cách bộ máy chưa dựa trên cơ sở khoa học, đánh giá thấu đáo hiệu quả để thực hiện các bước đi vững chắc, do đó thường xuyên có sự thay đổi tách – nhập các đầu mối.“Hãy để câu chuyện cây tre trăm đốt chỉ là cổ tích, đừng để khắc nhập khắc xuất liên tục” - ông Lâm ví von."
"
0
"
" Vào khoảng 3h sáng ngày 30/10, xe ben mang BKS 34C-112.79 trong khi lưu thông qua cầu Bình đã bất ngờ lao sang húc tung hàng chục mét thành cầu rồi lao xuống sông. Rất may lái xe đã kịp thời thoát ra ngoài nên không có thiệt hại về người.Tại hiện trường, thành cầu bằng bê tông bị vỡ vụn, rất đông người dân lưu thông qua khu vực hiếu kỳ dừng lại xem.  Nhận được thông tin, lực lượng chức năng đã có mặt tại hiện trường, điều tra nguyên nhân, điều tiết giao thông và tiến hành mời lực lượng cứu hộ đến để trục vớt chiếc xe bị nạn.Trưa cùng ngày, lực lượng cứu hộ sau khi huy động tới 2 chiếc cần cẩu đã trục vớt thành công chiếc xe ô tô trên từ lòng sông lên bờ.  Nguyên nhân ban đầu vụ tai nạn theo một số nhân chứng có mặt tại hiện trường là do chiếc xe ben có xảy ra va chạm với một chiếc xe khác nên bị mất lái.Vụ việc hiện đang được lực lượng chức năng Hải Dương làm rõ.
 "
"
0
"
"Tuần lễ cấp cao Diễn đàn Hợp tác kinh tế châu Á - Thái Bình Dương (APEC) từ ngày 6-11/11/2017. Đây là một trọng tâm đối ngoại của Việt Nam từ nay đến năm 2020. Việt Nam sẽ đón tiếp lãnh đạo 21 nền kinh tế APEC và khoảng 10.000 đại biểu khu vực và quốc tế trong dịp này.Trong số lãnh đạo 21 nền kinh tế dự Tuần lễ cấp cao APEC tại TP Đà Nẵng sắp tới có Tổng thống Mỹ Donald Trump, Tổng Bí thư - Chủ tịch Trung Quốc Tập Cận Bình, Tổng thống Nga Vladimir Putin… Số lượng chuyên cơ, đoàn tùy tùng phục vụ cho máy bay chuyên cơ của các nước đáp xuống sân bay Đà Nẵng rất lớn. Việc đón chuyên cơ nguyên thủ các nước lớn sẽ diễn ra với yêu cầu đặc biệt.Theo quy chế phục vụ chuyên cơ, khi tới Đà Nẵng, chuyên cơ chở nguyên thủ các nước lớn sẽ được “ưu tiên đặc biệt” về vùng trời, vị trí đỗ, các điều kiện tác nghiệp tại sân bay.Cụ thể, sau khi chuyên cơ đã hạ cánh và thoát ly khỏi đường cất-hạ cánh (đường băng) thì đường cất-hạ cánh mới được trở lại hoạt động bình thường. Cùng đó, đường lăn đã được xác định chỉ phục vụ chuyên cơ và chỉ được phép trở lại hoạt động bình thường sau khi chuyên cơ đã lăn vào sân đỗ tàu bay.Sân đỗ và khu bay cũng được “ưu tiên đặc biệt” cho chuyên cơ, đặc biệt là nguyên thủ các nước lớn. Thời điểm đón chuyên cơ, toàn bộ các máy bay thương mại sẽ được bố trí ở một khu vực khác.Hoạt động hạ cánh của chuyên cơ cũng được tính toán kỹ lưỡng các phương án. Trong trường hợp giờ hạ cánh dự kiến của chuyên cơ sai lệch so với giờ dự kiến trong kế hoạch bay không lưu quá 10 phút thì công ty quản lý bay khu vực có trách nhiệm thông báo kịp thời cho người khai thác cảng hàng không, Cảng vụ hàng không, Trung tâm thông báo tin tức hàng không và người khai thác tàu bay.Điều hành chuyến bay chuyên cơ cũng đặc biệt được lưu ý. Vấn đề về trình độ của kiểm soát không lưu được thực hiện nghiêm ngặt, kiểm soát viên không lưu phải đáp ứng tiêu chuẩn chung theo quy định, có trình độ và nghiệp vụ xử lý tốt các tình huống bất trắc khi điều hành bay. Kiểm soát viên phải có thời gian điều hành hoạt động bay tại các cơ sở cung cấp dịch vụ không lưu liên tục từ 5 năm trở lên.Nguồn tin của  cho biết, các đoàn tiền trạm quốc tế đã khảo sát nhiều lần tại sân bay Đà Nẵng và đưa ra yêu cầu rất cao về an ninh, an toàn hàng không.Để đảm bảo an toàn tuyệt đối cho các chuyến bay, nhà chức trách hàng không Việt Nam đã chỉ đạo các cơ quan hàng không, đặc biệt với Cảng Hàng không quốc tế Đà Nẵng. Theo đó, trong thời gian diễn ra APEC, các chuyến bay thương mại thông thường không được tăng chuyến, chỉ thực hiện tăng chuyến cho các chuyến bay theo yêu cầu của Ủy ban Quốc gia APEC.Tiểu ban An ninh và y tế đã yêu cầu chuẩn bị 61 vị trí đỗ cho chuyên cơ nguyên thủ các quốc gia, nhưng cơ quan hàng không đã chuẩn bị tăng lên 75 vị trí để đảm bảo sẵn sàng và dự phòng trong trường hợp cần thiết.Ngoài ra, Sư đoàn Không quân 372 - Bộ Quốc phòng cũng phối hợp với Cục Hàng không để sử dụng các vị trí đỗ máy bay quân sự, đảm bảo đầy đủ các yêu cầu cao nhất đối với các đoàn quốc tế đến ga hàng không quốc tế Đà Nẵng. "
"
0
"
"Theo đó, nhằm chủ động trong công tác phòng ngừa, đảm bảo tuyệt đối an ninh, an toàn Tuần lễ Cấp cao APEC, UBND TP Đà Nẵng yêu cầu thủ trưởng các sở, ban, ngành thành phố; Chủ tịch UBND các quận, huyện, xã, phường thông báo về việc nghiêm cấm vận chuyển chất nổ, chất độc hại, nguy hiểm và vũ khí trên địa bàn thành phố trong thời gian diễn ra các hoạt động của Tuần lễ Cấp cao APEC 2017 (từ ngày 5 – 12/11) cho các tổ chức, cá nhân và nhân dân trên địa bàn biết để chấp hành.Yêu cầu Bộ chỉ huy quân sự thành phố thông báo cho các đơn vị thuộc lực lượng vũ trang thành phố, đồng thời phối hợp với các đơn vị quân sự của Bộ, Quân khu đứng chân trên địa bàn thành phố thông báo chủ trương của UBND thành phố cho các đơn vị biết và thực hiện.UBDN TP Đà Nẵng cũng yêu cầu thủ trưởng các sở, ban, ngành thành phố; Chủ tịch UBND các quận, huyện, xã, phường theo chức năng, nhiệm vụ được giao tăng cường công tác quản lý các hoạt động vận chuyển chất nổ, chất độc hại, nguy hiểm trên địa bàn thành phố, xử lý nghiêm các tổ chức, cá nhân vi phạm.Các cơ quan chức năng thành phố có văn bản thông báo cho các đơn vị kinh doanh xăng, dầu, khí ga hóa lỏng trong quá trình vận chuyển trên địa bàn thành phố chấp hành nghiêm Thông tư 66/2014/TT-BCA ngày 16/12/2014 của Bộ Công an. Quá trình vận chuyển trong thời gian trên, đề nghị không đi vào các khu vực tổ chức hoạt động Tuần lễ Cấp cao APEC 2017, bố trí thời gian vận chuyển ngoài giờ hành chính đồng thời báo cáo lịch trình vận chuyển cho Công an thành phố, Sở Giao thông vận tải để cử lực lượng, phương tiện điều tiết giao thông, đảm bảo an toàn tuyệt đối. Chủ tịch UBND các quận, huyện, xã, phường chỉ đạo các cơ quan có liên quan, nắm chắc và xử lý nghiêm các cơ sở kinh doanh phế liệu ở địa phương tàng trữ chất nổ. Nếu phát hiện phải báo ngay cho Bộ chỉ huy quân sự thành phố để tổ chức thu hồi, xử lý.Tăng cường quản lý tàu bay không người lái và các phương tiện bay siêu nhẹ trong thời gian diễn ra Tuần lễ Cấp cao APEC. UBND các quận, huyện, xã, phường nơi nào để xảy ra sự việc vi phạm mà không phát hiện xử lý kịp thời phải chịu trách nhiệm trước UBND thành phố.Tuần lễ Cấp cao APEC 2017 được tổ chức tại TP Đà Nẵng từ ngày 6 -11/11/2017. Đây là sự kiện đối ngoại quan trọng nhất của TP Đà Nẵng nói riêng và Việt Nam nói chung trong năm 2017. Sự kiện với sự tham gia của đại diện lãnh đạo 21 nền kinh tế thành viên và khoảng 12.000 – 14.000 người tham dự, trong đó có 2.000 đại biểu chính thức, 3.000 phóng viên báo chí, 1.000 nhà doanh nghiệp và các đại biểu không chính thức."
"
0
"
"Ngày 30/10, bên lề kỳ họp Quốc hội, ông Hoàng Trung Hải – Bí thư Thành ủy Hà Nội chia sẻ với báo chí quá trình sắp xếp bộ máy, tinh giản biên chế trên địa bàn. Theo ông Hải quá trình sắp xếp, tinh giản biên chế bao giờ cán bộ, công chức cũng có tâm tư. Tuy nhiên, nếu làm tốt công tác tuyên truyền, cán bộ, công chức cũng chia sẻ.- Quá trình sắp xếp bộ máy, tinh giản biên chế, bao giờ cũng có tâm tư trong đội ngũ cán bộ, công chức. Nhưng nếu như quá trình này làm tốt công tác tuyên truyền, cán bộ, công chức thấy hợp lý thì họ cũng chia sẻ và cùng hi sinh. Ví dụ làm thế nào để mọi người cùng thấy số lượng cán bộ, công chức nhiều quá, số người ngồi chơi lại nhiều hơn người làm. Quá trình sắp xếp ban quản lý dự án của TP Hà Nội cũng có người nói là hợp lý bởi cả năm họ chỉ có một hai dự án, trong khi phải nuôi mấy chục người.Tinh giản biên chế, sắp xếp lại bộ máy phải minh bạch, để người ta thấy là qua việc này cuối cùng những người “cánh hẩu” thì được, còn những người khác thì bị loại. Hà Nội đã tuyên truyền, minh bạch trong quá trình này nên anh em không tâm tư.Thực tế, một người đang là trưởng phòng đưa xuống là phó phòng, phó phòng xuống chuyên viên thì ai cũng có tâm tư bởi phía sau họ có cả gia đình, vợ con. Cái đó cũng phải làm cho người ta hiểu, chia sẻ với mình, thậm chí cả gia đình họ cũng phải được giải thích.Việc sắp xếp nhân sự như vậy hôm nay làm chức này, ngày mai làm chức khác thì cũng là chuyện bình thường, không phải là cái gì ghê gớm. Đây cũng không phải là kỷ luật mà là sắp xếp lại vị trí không còn cần thiết nữa trong bộ máy.Qua thực thế, cho thấy việc sắp xếp đó phải minh bạch, đừng vì người này hạ người khác xuống thì họ sẽ cảm thấy bị đối xử không công bằng. Đây là vấn đề khó, TP Hà Nội vẫn đang tiếp tục thực hiện, bởi nhiều vấn đề tồn tại trong những năm qua phải giải quyết dần dần chứ không phải một mẩu giấy A4 là làm xong.- Sắp xếp, tinh giản bộ máy như vậy thấy rõ hiệu quả tốt hơn, khối lượng công việc làm được nhiều hơn, trong khi đó số người ít hơn, đặc biệt các đầu mối ít hơn. Nhưng như tôi nói vấn đề này đòi hỏi cả một quá trình, chứ không phải ngay một lúc mà thể hiện được. Cả một mô hình tổ chức như vậy thì trong một năm chưa thể thể hiện được.- Quá trình thực hiện Nghị quyết 39 trong vòng 5 năm, chứ không phải 1-2 năm mà đã xuống 10%. Nhiệm vụ thực hiện giảm 10%, trong đó có cả lực lượng sự nghiệp, chứ không phải chỉ có công chức. Với phần viên chức, dân số càng tăng thì lại càng tăng viên chức, bởi viên chức đi theo dịch vụ công, như cô giáo, bác sĩ thì số đó lại phải tăng, trong khi đó nhiệm vụ lại bảo giảm 10%. Cho nên, đó là quá trình 5 năm anh phải đạt được, chứ không phải trong vòng 1-2 năm.Hiện TP Hà Nội cũng đang đề nghị Chính phủ cho xây dựng cơ chế tự nguyện. Tức là một người tự nguyện xin nghỉ làm việc thì có cơ chế hỗ trợ thêm như thế nào ngoài những chính sách của nhà nước. Thường các nước làm theo sơ đồ như vậy, đây là sơ đồ rất nhân văn.- Vừa rồi TP Hà Nội phải sắp xếp lại nhiều đơn vị cũng là vì hậu quả của việc sáp nhập trước đây. Việc sáp nhập như vậy thì số lượng cán bộ, công chức cũng bị dư ra. Việc này phải giải quyết dần chứ không phải làm một lúc là được ngay. Sang năm là 10 năm sáp nhập, lúc đó TP sẽ kiên quyết đưa bộ máy về một mô hình chuẩn."
"
0
"
"Vụ tai nạn xảy ra lúc 8h15 ngày 30/10, tại Trạm thu phí BOT Quang Đức trên đường Hồ Chí Minh đoạn qua phường Bình Tân (thị xã Buôn Hồ, tỉnh Đắk Lắk).  Theo thông tin ban đầu, vào thời điểm trên, chiếc xe tải mang biển kiểm soát 51C - 14.294 do tài xế Phạm Quang Anh (48 tuổi, ngụ huyện Krông Pắk) đang dừng mua vé qua trạm.Lúc này, chiếc xe tải mang BKS 43C -128.71 do tài xế Trần Văn Mẫn (28 tuổi, quê Quảng Nam) điều khiển chạy cùng chiều phía sau tông mạnh vào phân đuôi xe.  Cú tông khiến cả 2 chiếc xe tải chạy thêm 10m và tông gãy nát dải phân cách của trạm thu phí BOT. Hậu quả, tài xế Mẫn bị thương nặng và 2 đầu xe tải bị hư hỏng nặng.Vụ tai nạn khiến giao thông qua trạm thu phí bị ách tắc cục bộ. Lực lượng CSGT thị xã Buôn Hồ nhanh chóng có mặt tại hiện trường, làm rõ nguyên nhân vụ tai nạn và giải tỏa giao thông."
"
0
"
"Sáng 30/10, Công an quận Hoàn Kiếm đã tiến hành trao trả tài sản đánh rơi của anh Đào Văn Long (SN 1980, ở Tân Lợi, Buôn Ma Thuột, Đắc Lắc) cho chị Đỗ Thị Lan (trú tại Quan Hoa, Cầu Giấy, Hà Nội), chị họ của anh Long.Trước đó, đêm 29/10, tổ trật tự hồ Hoàn Kiếm tuần tra tuyến phố đi bộ đã nhặt được chiếc ví của anh Long bị rơi ở khu vực đường Lê Thái Tổ, gần cửa hàng kem Thuỷ Tạ. Kiểm tra trong ví, tổ trật tự thấy ngoài tiền mặt còn có rất nhiều giấy tờ quan trọng khác.Tổ công tác đã liên hệ về địa phương, tìm số điện thoại anh Long để chủ động liên lạc. Khi tổ công tác liên hệ được với anh Long, anh này đang đi xe khách về quê để kịp ngày công tác. Trước đó, do không có giấy tờ tùy thân, anh Long đã phải huỷ chuyến máy bay.Theo anh Long, cuối tuần vừa qua, anh đáp chuyến máy bay ra Hà Nội chơi. Trong khi đi dạo khu vực hồ Gươm, do sơ ý anh làm đánh rơi chiếc ví. Anh và người thân đã mất nhiều giờ lo lắng đi tìm lại tài sản nhưng không được.Sáng 30/10, nhận lại tài sản từ Công an quận Hoàn Kiếm, thay mặt gia đình, chị Đỗ Thị Lan bày tỏ tấm lòng cản kích trước sự tận tuỵ có trách nhiệm của Công an quận Hoàn Kiếm nói chung và tổ công tác nói riêng."
"
0
"
"Thảo luận về kết quả giám sát việc cải cách bộ máy hành chính tại Quốc hội, đại biểu Nguyễn Hữu Cầu (Nghệ An) nhắc tới kết luận đánh giá quan trọng được nhắc đi nhắc lại nhiều lần trong báo cáo giám sát, đó là bộ máy bên trong của các bộ, cơ quan ngang bộ còn nhiều tầng, nấc trung gian, tình trạng bộ trong bộ càng nặng nề thêm.Xuất phát từ đánh giá này, dự thảo Nghị quyết giám sát của Quốc hội ghi rõ yêu cầu “giảm cấp trung gian”. Tuy nhiên, theo ông Cầu, với câu hỏi cấp trung gian là cấp nào,  tình trạng Bộ trong Bộ xảy ra ở đâu, thì báo cáo không chỉ rõ.Ông phân tích với cấp Tổng cục của các Bộ để xem có đúng là có tổ chức “Bộ trong Bộ không”. Cụ thể, trong 22 Bộ, cơ quan ngang Bộ thì có 17 Bộ có Tổng cục, còn lại 5 Bộ không có. Ông Cầu cho rằng, 5 Bộ không có Tổng cục mà vẫn hoạt động bình thường thời gian vừa qua là Bộ Xây dựng, Bộ Giáo dục và Đào tạo, Bộ Thông tin và Truyền thông, Thanh tra Chính phủ, Ủy ban Dân tộc.Trong khi đó, số lượng Tổng cục hiện nay của 17 Bộ là 40, dưới Tổng cục có các cục, vụ, văn phòng, phòng, chi cục. Trong bộ máy của các Bộ này vừa có văn phòng bộ vừa có văn phòng tổng cục mà văn phòng thì rõ ràng là cơ quan phục vụ đơn thuần.“Sắp tới một số Bộ, ngành có cấp Tổng cục đang nhìn nhau, nếu xảy ra tình trạng quyết không đi đầu thì biết bao giờ chúng ta mới giảm được cấp trung gian?” – ông Cầu cảnh báo.Đại biểu Nguyễn Hữu Cầu cũng phân tích thực tế hiện nay, vấn đề nhức nhối được cử tri và xã hội đặc biệt quan ngại là tình trạng cán bộ, công chức, viên chức thờ ơ, vô cảm, quan liêu, hách dịch, vi phạm quy luật, bằng cấp giả, chạy chức, chạy quyền, bổ nhiệm thần tốc, tình trạng trên bảo dưới không nghe, coi thường kỷ luật, kỷ cương hành chính...Nền đạo đức công vụ, kỷ luật công vụ trong các cơ quan Nhà nước, các đơn vị sự nghiệp công lập còn nhiều tồn tại, đạo đức nghề nghiệp, đạo đức công vụ vẫn là gì đó mơ hồ, chưa được quy định cụ thể, kỷ luật, kỷ cương áp dụng cho đối tượng vi phạm còn rất chậm chạp và khó khăn.Theo đại biểu, bên cạnh việc xây dựng bộ tiêu chuẩn đạo đức công vụ, các cơ quan nhà nước cần mạnh tay đưa ra khỏi bộ máy nhà nước những người mất đạo đức, hành vi ứng xử thiếu chuẩn mực làm ảnh hưởng xấu đến uy tín của cơ quan và tổ chức.Đại biểu Nguyễn Thị Kim Thuý (Đà Nẵng) cũng tập trung phân tích những hạn chế nổi bật của các công chức trong bộ máy nhà nước. Trước hết, các công chức chưa ý thức được mình là công bộc của dân. Dẫn chứng về tình trạng yếu kém đạo đức công vụ đã được đề cập nhiều. Nguyên nhân của tình trạng không ít công chức có thái độ vô cảm, quan liêu, thậm chí hách dịch với dân, theo bà Thuý, là do họ ít phụ thuộc vào dân.“Từ việc tuyển chọn, bổ nhiệm, đề bạt đến nâng lương, đánh giá, khen thưởng, công chức chỉ phụ thuộc vào cấp trên của mình. Công chức chỉ tiếp xúc với người dân trong vai người đến xin việc này việc kia cho nên dễ quên rằng chính những người đang có việc nhờ cậy họ giải quyết mới là những người đóng thuế để trả lương cho mình” – bà Thuý nói.Không chỉ về ý thức, công chức hiện tại cũng không thạo việc, dù phần lớn đều có đủ bằng cấp, chứng chỉ đáp ứng tiêu chuẩn tuyển dụng, bổ nhiệm nhưng thực chất trình độ của nhiều người không tương xứng với bằng cấp chứng chỉ họ có.Vì không làm được việc nên tình trạng thường thấy là việc cấp trên làm thay việc cấp dưới, quan chức chính trị làm thay việc công chức hành chính. Nghịch lý là sa đà vào công việc hành chính khiến nhiều quan chức chính trị không còn thời gian để nghiên cứu quyết định các vấn đề có tầm bao quát có ảnh hưởng lâu dài, nghịch lý người ký trình quan trọng hơn người ký duyệt, dễ dẫn đến tình trạng lạm quyền.Đại biểu đề nghị xây dựng cơ chế để về lâu dài quan chức chính trị cần được dân trực tiếp bầu, hoặc ít nhất cũng phải được giới thiệu từ người dân ở cơ sở còn công chức hành chính phải được lựa chọn qua thi tuyển công khai."
"
0
"
"  Vụ việc đáng tiếc trên xảy ra tại đoạn đối diện số 6 đường Lê Quang Đạo, phường Mỹ Đình, quận Nam Từ Liêm, Hà Nội.Theo thông tin ban đầu, vào khoảng 11h20 ngày 30/10, người điều khiển chiếc xe thương binh là ông T.V.N. (sinh năm 1956, thường trú tại Mễ Trì Thượng, quận Nam Từ Liêm, Hà Nội) chở theo vợ là bà N.T.Đ. (sinh năm 1949) ngồi ghế trước.Khi chiếc xe ba gác di chuyển đến địa điểm trên thì bất ngờ gặp phương tiện ngược chiều. Ông N. phanh gấp khiến bà Đ. ngã xuống đường, tử vong ngay tại chỗ.Trao đổi với PV, Trung tá Nguyễn Trung Thành, Đội trưởng Đội CSGT số 6 (Công an TP Hà Nội) cho biết, ngay sau khi nhận được tin báo, đơn vị đã phân công lực lượng xuống phong tỏa hiện trường, phân luồng giao thông phục vụ công tác điều tra, làm rõ nguyên nhân vụ tai nạn.Vụ việc đang được tiếp tục điều tra làm rõ."
"
0
"
"Đại biểu Nguyễn Thái Học (Phú Yên) băn khoăn, nhiều tồn tại, hạn chế của bộ máy được đề cập nhưng địa chỉ tồn tại, hạn chế, khuyết điểm ở đâu chưa rõ. Theo ông Học, trong báo cáo giám sát chỉ nêu khuyết điểm tập thể, chưa nêu cá nhân.Theo ông Học, yêu cầu hoạt động giám sát là phải chỉ được cá nhân nào đã thực hiện không đúng những quy định của pháp luật về sử dụng biên chế, sử dụng không đúng về tổ chức bộ máy để đưa vào nghị quyết, phải chỉ đạo kiểm điểm làm rõ và xử lý trách nhiệm.Chia sẻ nhận xét này của ông Học, đại biểu Lê Thanh Vân (Cà Mau) cũng cho rằng, báo cáo chưa chỉ dẫn đích danh người có trách nhiệm. Tuy nhiên, xác định vấn đề này theo ông Vân cũng là rất khó vì công cuộc cải cách hành chính đã tiến hành từ năm 2001 đến nay, tính từ Đại hội IX. Đến nay cả nước đã có hai chương trình cải cách hành chính.“Bây giờ xác định trách nhiệm tôi nghĩ cũng chỉ có thể làm một cách ước lệ, chỉ rõ trách nhiệm cho từng nhân vật chính trị hay quản lý, hay từng nhiệm kỳ của Quốc hội, Chính phủ là điều rất khó” – ông Vân nhận xét.Đại biểu Lê Thanh Vân cũng phân tích, cơ chế phân công, phân quyền và kiểm soát quyền lực chưa được chú trọng mà hệ thống cơ quan hành chính mời nhấn mạnh nguyên tắc phối hợp. Điều đó đẻ ra nhiều biểu hiện chưa được thực quyền.Ông Vân dẫn chứng ví dụ ở cấp Trung ương, Quốc hội phân quyền nhưng lại không gắn với việc kiểm soát ngân sách, biên chế. Những biểu hiện cụ thể là, Quốc hội không quyết định bộ máy Chính phủ nhưng lại quyết định ngân sách, ngược lại, Quốc hội quyết định phần biên chế với khối cơ quan tư pháp nhưng lại không có tiền rót cho khối cơ quan này.Về cơ chế tuyển chọn, lựa chọn cán bộ, ông Vân khái quát thực tế, nhà nước không nắm được rõ ràng số lượng, càng không đong đếm được chất lượng nên số lượng cán bộ rất lớn nhưng chất lượng lại kém.Đại biểu Cà Mau phân tích, thực tế thời gian qua có những lãnh đạo làm tới “thượng thư”, ""tả thị lang"" rồi mà phát ngôn gây sốc cho xã hội, chẳng hạn như Ngô Quyền “sáng tạo” ra cọc gỗ để đánh quân Nguyên Mông hay rao giảng “xây dựng nghĩa trang để phát triển bền vững” là một biểu hiện của việc này.Ông Vân đề xuất những giải pháp, trước hết là lập Ban chỉ đạo TƯ về đổi mới hệ thống chính trị do Tổng Bí thư Đảng đứng đầu. Ông Vân so sánh, vừa qua, Ban chỉ đạo TƯ về phòng chống tham nhũng đã tạo được những kết quả xuất sắc, vậy thì việc cải cách bộ máy cũng cũng cần một Ban chỉ đạo như vậy.Đại biểu cũng nêu yêu cầu hoàn thiện thể chế nhân sự theo hướng đi sâu định ra số lượng tiêu chuẩn cán bộ để chọn được đội ngũ thực sự xuất sắc. Nếu ai không ngang tầm với nhiệm vụ lập tức thay thế ngay.“Vừa qua nhiều đại biểu nêu tình trạng cán bộ gian dối bằng cấp, khai gian lý lịch, dối trên lừa dưới. Vậy cần chấn chỉnh đạo đức công vụ ngay ở nhóm này, làm được thì sẽ chỉnh được bộ máy” – ông Vân đề nghị.Ngoài ra, ông Vân kêu gọi đẩy mạnh xây dựng Chính phủ điện tử, áp dụng công nghệ trong quản lý. Ông thông tin, hiện Thuỵ Điển đã bổ nhiệm trí tuệ nhân tạo làm lãnh đạo. Ả-rập Xê-út đã công nhận trí tuệ nhân tạo làm công dân."
"
0
"
"Tại cuộc họp về tình hình kinh tế - văn hóa – xã hội tháng 10 của UBND TPHCM diễn ra ngày 30/10, Chủ tịch UBND TPHCM Nguyễn Thành Phong cho biết thành phố đang xây dựng quy trình quản lý đối với các dự án BT (xây dựng – chuyển giao) theo hướng công khai, minh bạch, thông thoáng, tạo điều kiện cho doanh nghiệp đầu tư.Theo ông Nguyễn Thành Phong, cuối tuần này TPHCM sẽ tổ chức hội thảo về quản lý các dự án BT. Tại đây, cơ quan chức năng, đơn vị chuyên môn cùng các chuyên gia… sẽ đánh giá và đề xuất quy trình quản lý các dự án BT.Người đứng đầu chính quyền TPHCM nhấn mạnh rằng quy trình mới phải tránh “lợn cợn” tác động bởi yếu tố nào khác, phải đảm bảo khai thác hiệu quả nguồn tài nguyên đất đai và tài sản của Nhà nước. Trong thời gian chờ báo cáo quy trình mới lên Thành ủy TPHCM thì toàn bộ các dự án BT đang đàm phán phải ngừng.“Các dự án BT đang thảo luận đàm phán phải đình lại hết, chờ quy trình mới thì tính tiếp. Các dự án chậm lại để xây dựng quy trình quản lý hiệu quả, theo hướng đảm bảo quyền lợi nhà đầu tư”, ông Phong nhấn mạnh.Trong khi đó, Phó Chủ tịch UBND TPHCM Trần Vĩnh Tuyến lưu ý rằng ngay cả các dự án BT trong giai đoạn nghiên cứu tiền khả thi cũng ngừng lại.Ông Sử Ngọc Anh – Giám đốc Sở Kế hoạch & Đầu tư TP – cho biết nhu cầu đầu tư trong 5 năm tới của TPHCM lên tới 500.000 tỷ đồng. Tuy nhiên, vốn ngân sách chỉ chi được 134.000 tỷ đồng, sau đó được điều chỉnh lên 175.000 tỷ đồng.Theo ông, TPHCM phải huy động một nguồn vốn rất lớn từ xã hội mới đủ nguồn vốn đầu tư. Hình thức đối tác công tư theo hình thức BT sẽ tạo cơ hội huy động nguồn lực cho thành phố. Hiện nay, các dự án BT của TP chủ yếu được trả bằng đất.Do đó, TPHCM phải đi kiếm đất để làm dự án. Để sử dụng hiệu quả nguồn lực đất đai trong điều kiện quỹ đất cũng ngày càng eo hẹp thì TP phải rà soát lại quy trình để đảm bảo đầu tư hiệu quả.“Đây là một kênh lựa chọn cho thành phố và quan trọng là cách làm như thế nào”, ông Anh nói."
"
0
"
"Sáng nay (30/10), Thủ tướng Nguyễn Xuân Phúc đã gửi thư tới thân nhân các gia đình bị thiệt hại bởi thiên tai; Chiến sĩ và các lực lượng phòng, chống thiên tai nhân 20 năm cơn bão số 5 (bão Linda) đổ bộ vào khu vực ĐBSCL.Dân trí xin trích toàn bộ nội dung thư của Thủ tướng:  "
"
0
"
